Agricultural Zone,Month,Week,Rainfall (mm),Mean Temp. (*C),RHmean (%),SShr (hrs),WD (deg),WS (Km/hr),label
Barisal,July,3,111.7,28.5,88.4,23.3,175.0,6.5,Aman
Bogra,August,1,63.3,29.3,83.6,35.0,137.0,6.3,Aman
Chittagonj,July,1,201.7,28.0,86.9,24.0,173.0,10.7,Aman
Cumilla,July,3,107.0,28.5,86.0,26.5,174.0,7.0,Aman
Dhaka,July,2,73.5,29.1,83.0,32.0,159.0,5.9,Aman
Dinajpur,June,4,96.0,29.2,83.0,31.0,121.0,3.7,Aman
Faridpur,July,4,84.5,29.0,85.5,32.0,180.0,5.6,Aman
Khulna,August,3,76.5,29.1,85.6,31.0,170.0,6.5,Aman
Jashore,August,2,56.0,29.5,84.3,32.5,172.0,4.3,Aman
Mymensingh,August,2,89.0,28.7,85.6,25.0,152.0,7.2,Aman
Rajshahi,July,1,51.0,30.0,81.7,35.0,129.0,6.7,Aman
Rangamati,July,1,134.0,28.4,83.4,30.0,186.0,5.6,Aman
Sylhet,August,2,129.5,28.4,85.1,26.0,160.0,6.2,Aman
Rangpur,July,1,106.0,29.2,84.4,27.0,131.0,7.1,Aman
Barisal,October,1,9.0,24.8,77.2,49.0,232.0,2.7,Red Lentil
Bogra,November,1,5.0,25.3,73.5,55.0,200.0,3.7,Red Lentil
Chittagonj,October,1,75.7,28.3,82.4,45.8,203.0,6.7,Red Lentil
Cumilla,October,1,46.5,28.3,81.9,43.0,214.0,4.3,Red Lentil
Dhaka,October,2,40.5,27.9,77.6,47.5,192.0,4.1,Red Lentil
Dinajpur,October,1,42.0,27.8,81.2,45.0,146.0,3.7,Red Lentil
Faridpur,October,2,43.0,28.0,79.3,46.0,208.0,2.9,Red Lentil
Jashore,November,1,8.0,25.3,74.0,48.5,175.0,2.3,Red Lentil
Mymensingh,October,2,45.0,27.5,81.0,47.0,193.0,3.7,Red Lentil
Rajshahi,October,2,23.0,27.4,78.5,53.0,146.0,3.9,Red Lentil
Sylhet,October,1,60.0,27.5,82.4,43.5,191.0,4.7,Red Lentil
Rangpur,October,2,35.5,26.8,79.9,51.5,134.0,6.3,Red Lentil
Barisal,December,1,1.7,21.7,74.3,48.7,225.0,3.1,Tomato
Bogra,December,1,1.7,21.7,74.3,48.7,225.0,3.1,Tomato
Chittagonj,September,1,92.7,28.3,84.5,35.8,185.0,8.6,Tomato
Cumilla,September,1,53.0,28.8,84.3,32.0,186.0,5.3,Tomato
Dhaka,September,1,60.5,29.2,82.5,33.5,163.0,5.5,Tomato
Dinajpur,November,1,5.0,24.9,55.4,55.0,149.0,3.5,Tomato
Jashore,November,1,9.0,25.9,76.0,45.5,153.0,2.5,Tomato
Khulna,October,1,41.0,29.1,83.0,41.5,189.0,4.3,Tomato
Mymensingh,September,1,63.0,28.7,85.4,28.0,151.0,5.6,Tomato
Rajshahi,November,1,7.0,27.4,78.5,53.0,146.0,3.9,Tomato
Barisal,November,2,9.0,24.8,77.2,49.0,232.0,2.7,Wheat
Bogra,November,2,0.0,24.2,72.0,55.0,202.0,3.7,Wheat
Cumilla,November,4,2.5,22.5,74.0,48.5,195.0,3.3,Wheat
Dhaka,November,2,6.0,24.3,72.0,51.5,199.0,3.7,Wheat
Dinajpur,November,2,0.0,23.0,73.8,52.0,154.0,3.7,Wheat
Faridpur,November,2,8.0,24.4,74.3,49.5,202.0,208.0,Wheat
Jashore,November,2,7.5,24.2,72.8,49.5,177.0,2.5,Wheat
Khulna,November,2,8.0,24.7,73.6,52.5,189.0,3.8,Wheat
Mymensingh,November,1,7.0,25.9,78.0,51.0,186.0,3.7,Wheat
Rajshahi,November,2,1.0,23.6,72.6,54.0,151.0,3.7,Wheat
Rangpur,October,2,35.5,26.8,79.9,51.5,134.0,6.3,Wheat
Sylhet,November,2,8.5,23.5,75.7,55.5,180.0,4.3,Wheat
Barisal,February,1,4.0,21.2,70.9,52.3,211.0,4.6,Banana
Bogra,February,1,4.0,21.2,70.9,52.3,211.0,4.6,Banana
Dhaka,February,1,4.0,20.7,65.7,51.5,236.0,4.5,Banana
Jashore,February,1,5.0,20.5,68.2,49.5,191.0,3.1,Banana
Mymensingh,February,1,1.0,20.2,68.7,48.0,218.0,3.9,Banana
Rangamati,February,1,2.0,21.4,67.3,57.0,176.0,3.7,Banana
Rangpur,February,1,2.0,19.3,71.2,48.5,192.0,6.6,Banana
Barisal,November,1,9.0,24.8,77.2,49.0,232.0,2.7,Brinjal(Robi)
Bogra,September,1,60.0,29.2,84.0,35.0,147.0,5.6,Brinjal(Robi)
Chittagonj,October,1,75.7,28.3,82.4,45.8,203.0,6.7,Brinjal(Robi)
Cumilla,October,1,51.0,28.8,82.9,39.0,203.0,4.6,Brinjal(Robi)
Dhaka,October,1,47.0,28.9,80.6,40.0,194.0,4.0,Brinjal(Robi)
Jashore,September,2,68.0,29.5,83.7,33.0,186.0,4.1,Brinjal(Robi)
Sylhet,October,1,63.0,27.9,83.8,40.5,190.0,4.6,Brinjal(Robi)
Rajshahi,November,1,7.0,27.4,78.5,53.0,146.0,3.9,Brinjal(Robi)
Mymensingh,September,3,79.0,29.0,84.6,31.0,156.0,5.4,Brinjal(Robi)
Khulna,October,3,31.5,28.3,79.8,49.5,193.0,4.1,Brinjal(Robi)
Barisal,February,3,8.0,23.3,71.0,52.0,211.0,4.9,Brinjal(Khorip)
Bogra,March,1,4.0,25.1,61.8,61.0,225.0,6.7,Brinjal(Khorip)
Chittagonj,April,1,21.3,27.8,76.7,56.0,209.0,10.0,Brinjal(Khorip)
Cumilla,April,1,25.5,27.8,76.4,51.0,194.0,7.1,Brinjal(Khorip)
Dhaka,March,2,9.5,26.1,62.5,58.0,223.0,5.7,Brinjal(Khorip)
Jashore,March,2,4.5,26.3,63.9,55.0,230.0,4.1,Brinjal(Khorip)
Sylhet,May,1,102.5,26.7,78.5,45.0,153.0,7.1,Brinjal(Khorip)
Rajshahi,May,1,24.0,29.6,71.1,52.0,136.0,7.4,Brinjal(Khorip)
Mymensingh,March,2,6.0,24.8,67.4,53.0,208.0,5.6,Brinjal(Khorip)
Khulna,June,1,52.0,30.7,79.5,41.5,178.0,6.7,Brinjal(Khorip)
Barisal,December,1,0.0,21.4,70.9,54.0,222.0,3.7,Sugarcane
Bogra,December,1,0.0,21.4,70.9,54.0,222.0,3.7,Sugarcane
Chittagonj,November,1,19.3,27.1,78.6,52.3,196.0,6.0,Sugarcane
Cumilla,November,1,11.5,26.4,77.9,47.0,202.0,3.5,Sugarcane
Dhaka,November,1,12.5,26.2,74.6,49.5,190.0,3.7,Sugarcane
Dinajpur,November,1,5.0,24.9,75.7,55.0,149.0,3.5,Sugarcane
Faridpur,October,3,43.0,28.0,79.3,46.0,208.0,2.9,Sugarcane
Jashore,October,1,44.56,29.1,81.7,40.0,195.0,3.1,Sugarcane
Khulna,November,3,8.0,24.7,73.6,52.5,189.0,3.8,Sugarcane
Mymensingh,November,1,7.0,25.9,78.0,51.0,186.0,3.7,Sugarcane
Rajshahi,October,3,23.0,28.9,81.9,46.0,145.0,4.8,Sugarcane
Rangamati,November,1,9.0,26.7,79.5,47.0,178.0,3.7,Sugarcane
Rangpur,November,1,4.0,25.0,76.6,55.5,115.0,6.6,Sugarcane
Barisal,January,1,1.3,18.9,74.1,46.7,209.0,4.5,Soybean
Chittagonj,January,1,0.3,20.3,71.0,53.3,200.0,6.6,Soybean
Rangpur,January,1,1.0,16.8,77.3,36.0,199.0,5.7,Soybean
Barisal,December,3,1.3,18.9,74.1,46.7,209.0,4.5,Boro
Bogra,January,4,0.0,18.7,72.5,49.0,149.0,3.7,Boro
Chittagonj,November,4,14.3,25.3,74.9,55.5,199.0,5.6,Boro
Cumilla,October,4,30.5,28.0,80.6,44.5,201.0,4.3,Boro
Dhaka,November,3,4.5,23.3,71.0,52.0,212.0,3.7,Boro
Dinajpur,December,3,0.0,17.4,75.3,37.0,213.0,3.7,Boro
Faridpur,November,3,8.0,24.4,74.3,49.5,202.0,2.8,Boro
Jashore,February,3,8.0,22.8,66.5,54.5,214.0,3.7,Boro
Khulna,February,3,13.5,23.6,68.0,55.5,218.0,5.0,Boro
Mymensingh,December,3,0.0,19.4,74.9,40.0,199.0,3.7,Boro
Rajshahi,January,2,1.0,17.5,72.9,42.0,161.0,3.7,Boro
Rangamati,December,3,0.0,20.6,75.4,50.0,161.0,3.7,Boro
Rangpur,December,3,0.0,16.8,76.9,42.5,160.0,5.6,Boro
Sylhet,November,3,14.5,24.6,77.2,55.5,179.0,4.5,Boro
Dhaka,October,2,40.5,27.9,77.6,47.5,192.0,4.1,Potato
Barisal,November,1,25.3,25.7,79.2,47.3,21.4,3.1,Potato
Bogra,October,1,42.0,28.2,81.0,48.0,184.0,5.0,Potato
Chittagonj,October,1,75.7,28.3,82.4,45.8,203.0,6.7,Potato
Cumilla,October,1,46.5,28.3,81.9,43.0,214.0,4.3,Potato
Dinajpur,November,2,0.0,23.0,73.8,52.0,154.0,3.7,Potato
Faridpur,October,1,43.0,28.0,79.3,46.0,208.0,2.9,Potato
Jashore,November,1,7.5,24.2,72.8,49.5,177.0,2.4,Potato
Khulna,November,1,13.0,25.8,74.7,53.5,176.0,4.1,Potato
Mymensingh,October,2,45.0,27.5,81.0,47.0,193.0,3.7,Potato
Rajshahi,October,2,23.0,27.4,78.5,53.0,146.0,3.9,Potato
Rangamati,October,2,30.0,27.9,81.6,42.0,211.0,3.7,Potato
Rangpur,November,2,2.0,23.3,74.3,52.0,126.0,6.3,Potato
Sylhet,October,1,60.0,27.5,82.4,43.5,191.0,4.7,Potato
Dinajpur,January,2,2.0,16.4,75.0,34.0,238.0,3.7,Mango
Jashore,January,2,1.5,17.6,71.6,42.5,156.0,3.0,Mango
Khulna,December,4,1.0,19.1,71.7,48.5,177.0,4.6,Mango
Rajshahi,January,3,2.0,26.0,54.0,56.0,190.0,3.0,Mango
Rangamati,January,2,0.0,19.6,72.4,50.0,152.0,3.7,Mango
Rangpur,January,2,3.0,16.4,76.9,36.5,214.0,5.7,Mango
Bogra,November,1,5.0,26.0,75.0,52.0,186.0,4.4,robi pointed gourd
Cumilla,October,1,51.0,28.8,82.9,39.0,203.0,4.6,robi pointed gourd
Dhaka,November,1,12.5,26.2,74.6,49.5,190.0,3.7,robi pointed gourd
Rajshahi,September,1,54.0,29.5,83.8,35.0,142.0,5.6,robi pointed gourd
Jashore,October,1,44.5,29.1,81.7,40.0,195.0,3.1,robi pointed gourd
Mymensingh,June,1,96.0,28.8,83.6,34.0,142.0,6.1,robi pointed gourd
Bogra,March,1,5.0,22.9,63.4,60.0,235.0,5.7,khorip pointed grourd
Cumilla,February,1,3.0,20.2,71.1,47.0,203.0,4.6,khorip pointed grourd
Rangpur,October,1,58.0,28.5,82.4,42.5,147.0,6.0,khorip pointed grourd
Rajshahi,January,1,1.0,17.5,72.9,42.0,146.0,3.9,khorip pointed grourd
Dinajpur,May,1,31.0,27.3,75.0,49.0,118.0,3.9,khorip pointed grourd
Jashore,March,1,4.0,23.7,64.9,55.0,219.0,3.5,khorip pointed grourd
Mymensingh,February,1,2.0,19.5,70.3,44.0,228.0,3.7,khorip pointed grourd
Dhaka,February,1,3.5,19.9,67.3,49.5,241.0,4.3,khorip pointed grourd
Chittagonj,December,1,1.0,22.8,71.9,54.8,204.0,5.1,pineapple
Dhaka,December,1,2.0,21.5,71.2,47.6,219.0,3.7,pineapple
Mymensingh,December,1,1.0,21.3,73.8,49.0,191.0,3.0,pineapple
Rangamati,December,1,0.0,22.3,75.8,53.0,169.0,3.7,pineapple
Sylhet,December,1,1.0,21.1,73.0,55.5,177.0,4.2,pineapple
Barisal,November,1,13.0,15.8,74.7,53.5,176.0,4.1,robi green chilli 
Bogra,December,1,0.0,21.4,70.9,54.0,222.0,3.7,robi green chilli 
Chittagonj,December,1,1.0,22.8,71.9,54.8,204.0,5.1,robi green chilli 
Cumilla,October,1,51.0,28.8,82.9,39.0,203.0,4.6,robi green chilli 
Dinajpur,October,1,0.0,20.2,72.5,48.0,183.0,2.6,robi green chilli 
Faridpur,January,1,0.5,18.3,73.9,41.5,191.0,3.4,robi green chilli 
Jashore,October,1,44.5,29.1,81.7,40.0,195.0,3.1,robi green chilli 
Mymensingh,November,1,7.0,25.9,78.0,51.0,186.0,3.7,robi green chilli 
Rajshahi,November,1,7.0,27.4,78.5,53.0,146.0,3.9,robi green chilli 
Rangpur,December,1,0.0,21.4,70.9,54.0,222.0,3.7,robi green chilli 
Sylhet,December,1,0.5,21.2,73.0,55.5,177.0,4.2,robi green chilli 
Barisal,April,3,25.0,29.1,78.9,54.7,197.0,7.5,khorip green chilli
Bogra,April,1,8.0,28.5,66.2,56.0,173.0,6.7,khorip green chilli
Cumilla,March,1,7.0,25.0,70.6,52.5,216.0,4.8,khorip green chilli
Dinajpur,April,1,8.0,26.7,63.8,52.0,171.0,5.6,khorip green chilli
Faridpur,April,1,18.0,28.5,77.3,53.0,200.0,6.9,khorip green chilli
Jashore,April,1,11.5,29.2,66.9,55.5,209.0,5.1,khorip green chilli
Rajshahi,April,1,13.0,29.1,61.6,57.0,185.0,6.1,khorip green chilli
Rangpur,April,1,11.0,26.2,69.1,51.5,148.0,4.3,khorip green chilli
Sylhet,April,1,65.5,26.5,72.9,50.5,188.0,8.8,khorip green chilli
Bogra,July,1,93.0,29.0,84.6,28.0,141.0,5.6,Tula
Dhaka,July,1,82.5,29.1,84.1,27.0,162.0,5.8,Tula
Dinajpur,July,1,109.0,29.0,84.2,27.0,127.0,3.7,Tula
Jashore,July,1,82.0,29.4,85.2,24.5,186.0,4.4,Tula
Mymensingh,July,1,109.0,28.6,86.3,24.0,156.0,7.2,Tula
Rajshahi,July,1,66.0,29.4,85.2,30.0,141.0,5.78,Tula
Rangpur,July,1,106.0,29.2,84.4,27.0,143.0,6.8,Tula
Barisal,November,1,19.3,26.5,80.5,47.0,214.0,3.5,Rabi Cucumber
Bogra,February,2,1.0,20.3,66.8,52.0,233.0,5.6,Rabi Cucumber
Chittagonj,August,1,60.3,28.6,82.9,42.5,202.0,7.4,Rabi Cucumber
Dhaka,November,1,12.5,26.2,74.6,49.5,190.0,3.7,Rabi Cucumber
Faridpur,April,1,18.0,28.5,77.6,53.0,200.0,6.9,Rabi Cucumber
Jashore,March,1,4.0,23.7,64.9,55.0,219.0,3.5,Rabi Cucumber
Khulna,October,1,41.0,29.1,83.0,41.5,189.0,4.3,Rabi Cucumber
Rajshahi,November,1,7.0,27.4,78.5,53.0,146.0,3.9,Rabi Cucumber
Barisal,March,1,5.7,24.5,70.8,53.7,214.0,5.1,Kharif cucumber
Chittagonj,April,3,34.03,28.6,77.1,54.8,205.0,10.6,Kharif cucumber
Dhaka,March,1,3.5,23.7,63.0,56.0,234.0,5.0,Kharif cucumber
Faridpur,October,1,84.0,29.0,33.0,56.0,177.0,5.6,Kharif cucumber
Jashore,April,1,11.5,29.2,66.9,55.5,209.0,5.1,Kharif cucumber
Khulna,April,1,12.5,29.5,71.5,59.0,202.0,7.1,Kharif cucumber
Rajshahi,April,2,13.0,29.5,61.6,57.0,185.0,6.1,Kharif cucumber
Bogra,November,1,5.0,26.0,75.0,52.0,186.0,4.4,garlic
Cumilla,October,1,51.0,28.8,82.9,39.0,203.0,4.6,garlic
Dhaka,November,1,12.5,26.2,74.5,49.5,19.0,3.7,garlic
Dinajpur,November,1,5.0,14.9,75.7,55.0,149.0,3.5,garlic
Faridpur,November,1,11.5,26.4,76.4,48.5,202.0,2.8,garlic
Jashore,November,1,9.0,25.9,76.0,45.5,153.0,2.5,garlic
Mymensingh,November,1,7.0,25.9,78.0,51.0,186.0,3.7,garlic
Rajshahi,October,1,44.0,28.9,81.9,46.0,145.0,4.8,garlic
Rangpur,November,1,4.0,25.0,76.6,55.5,115.0,6.6,garlic
Rangpur,November,1,9.14,28.77,72.31,55.98,124.06,1.69,garlic
Rangpur,November,1,2.12,23.18,86.43,56.48,122.87,10.0,garlic
Barisal,October,1,55.3,28.6,85.1,36.7,220.0,4.0,robi lau (gourd)
Bogra,October,1,51.0,28.6,82.4,44.0,170.0,5.0,robi lau (gourd)
Chittagonj,October,2,75.7,28.3,82.4,45.8,203.0,6.7,robi lau (gourd)
Cumilla,September,1,53.0,28.8,84.3,32.0,186.0,5.3,robi lau (gourd)
Dhaka,September,1,60.5,29.2,82.5,33.5,163.0,5.5,robi lau (gourd)
Jashore,October,1,44.5,29.1,81.7,40.0,195.0,3.1,robi lau (gourd)
Khulna,November,1,44.5,26.3,76.7,48.5,173.0,3.4,robi lau (gourd)
Mymensingh,August,1,72.0,29.1,84.7,33.0,153.0,6.1,robi lau (gourd)
Rajshahi,October,1,44.0,28.6,81.9,46.0,145.0,4.8,robi lau (gourd)
Sylhet,August,1,123.5,28.7,84.4,33.0,173.0,6.4,robi lau (gourd)
Barisal,April,1,18.0,28.5,77.3,53.0,200.0,6.9,khorip lau (grourd)
Bogra,March,1,4.0,25.0,62.7,55.0,230.0,5.4,khorip lau (grourd)
Chittagonj,April,1,21.3,27.8,76.7,56.0,209.0,10.0,khorip lau (grourd)
Cumilla,March,1,7.0,25.0,70.6,52.5,216.0,4.8,khorip lau (grourd)
Dhaka,March,1,4.0,25.0,62.7,55.0,230.0,5.4,khorip lau (grourd)
Jashore,May,1,28.5,30.1,71.3,54.0,186.0,5.6,khorip lau (grourd)
Khulna,July,1,92.0,29.0,85.7,21.5,186.0,5.6,khorip lau (grourd)
Mymensingh,February,1,2.0,19.5,70.3,44.0,228.0,3.7,khorip lau (grourd)
Rajshahi,June,1,48.0,30.5,78.6,48.0,139.0,6.7,khorip lau (grourd)
Sylhet,June,1,148.5,27.7,82.9,33.5,162.0,6.5,khorip lau (grourd)
Bogra,April,1,8.0,28.1,66.2,56.0,173.0,6.7,Khorip Mug 1
Dhaka,April,1,25.0,28.4,68.6,53.5,181.0,6.5,Khorip Mug 1
Khulna,April,3,37.0,30.6,75.7,55.0,177.0,7.1,Khorip Mug 1
Mymensingh,April,3,20.0,27.0,72.0,49.0,149.0,7.2,Khorip Mug 1
Rajshahi,March,3,4.0,27.0,59.4,59.0,208.0,5.6,Khorip Mug 1
Barisal,January,3,1.0,19.2,73.1,47.3,204.0,4.5,Robi Mug
Chittagonj,September,1,92.7,28.3,84.5,35.8,185.0,8.6,Robi Mug
Dhaka,September,1,70.0,29.1,82.3,32.0,176.0,4.3,Robi Mug
Dinajpur,March,2,1.0,23.1,62.1,59.0,230.0,4.3,Robi Mug
Faridpur,October,3,43.0,28.0,79.3,46.0,208.0,2.9,Robi Mug
Jashore,February,3,4.5,21.8,67.5,50.0,203.0,3.3,Robi Mug
Khulna,February,3,5.0,22.6,69.1,55.5,209.0,4.8,Robi Mug
Mymensingh,September,3,79.0,29.0,84.6,31.0,156.0,5.4,Robi Mug
Rangpur,February,3,3.5,20.2,70.4,50.0,201.0,7.5,Robi Mug
Barisal,November,1,25.3,25.7,79.2,47.3,21.4,3.1,Badam robi
Chittagonj,October,1,66.7,28.6,82.9,42.8,209.0,6.8,Badam robi
Cumilla,October,1,51.0,28.8,82.9,39.0,203.0,4.6,Badam robi
Dhaka,October,3,40.5,27.9,77.6,47.5,192.0,4.1,Badam robi
Faridpur,October,2,43.0,28.5,82.7,39.5,206.0,3.7,Badam robi
Jashore,November,1,8.0,25.3,74.0,48.5,175.0,2.3,Badam robi
Rajshahi,December,1,1.0,20.5,70.8,51.0,143.0,3.7,Badam robi
Rangamati,October,2,53.0,28.3,81.7,44.0,195.0,3.7,Badam robi
Rangpur,November,1,3.0,24.4,75.1,55.0,106.0,6.6,Badam robi
Sylhet,October,2,63.0,27.9,83.8,40.5,190.0,4.6,Badam robi
Barisal,January,1,1.3,18.9,74.1,46.7,209.0,4.5,Badam Kharip - 1
Dinajpur,March,3,2.0,25.3,61.2,55.0,192.0,5.6,Badam Kharip - 1
Faridpur,February,3,3.5,19.8,70.4,49.0,205.0,3.4,Badam Kharip - 1
Rajshahi,February,3,4.0,24.3,61.5,59.0,220.0,5.4,Badam Kharip - 1
Rangpur,March,1,1.0,23.0,64.7,57.5,207.0,7.8,Badam Kharip - 1
Barisal,January,4,2.7,20.5,71.7,50.3,217.0,5.0,Guava
Dhaka,January,4,3.5,19.9,67.3,49.5,241.0,4.3,Guava
Dinajpur,January,4,1.0,18.1,71.2,44.0,241.0,3.7,Guava
Faridpur,January,4,3.5,19.8,70.8,49.0,205.0,3.4,Guava
Jashore,January,4,6.5,19.3,69.5,47.5,186.0,3.2,Guava
Khulna,January,4,5.5,20.4,70.0,52.5,190.0,4.9,Guava
Mymensingh,January,4,2.0,19.5,70.3,44.0,228.0,3.7,Guava
Rajshahi,January,4,4.0,18.8,70.0,51.0,198.0,3.9,Guava
Bogra,December,1,0.0,21.4,70.9,54.0,222.0,3.7,jackfruit
Chittagonj,December,1,1.0,22.8,71.9,54.8,204.0,5.1,jackfruit
Dhaka,December,1,1.5,21.5,71.2,48.5,219.0,3.7,jackfruit
Dinajpur,December,1,0.0,20.2,72.6,48.0,183.0,2.6,jackfruit
Jashore,December,1,2.0,20.9,71.2,47.5,184.0,2.3,jackfruit
Mymensingh,December,1,1.0,21.3,73.8,49.0,191.0,3.0,jackfruit
Rajshahi,December,1,21.0,20.5,70.8,51.0,143.0,3.7,jackfruit
Rangamati,December,1,0.0,22.3,75.8,53.0,169.0,3.7,jackfruit
Rangpur,December,1,0.0,20.4,74.2,49.5,129.0,6.0,jackfruit
Barisal,July,4,115.0,28.5,88.8,25.3,175.0,6.5,indian jujube
Chittagonj,July,4,173.0,28.1,86.1,30.0,174.0,10.3,indian jujube
Dhaka,July,4,82.0,29.1,82.7,32.0,159.0,5.9,indian jujube
Khulna,July,4,77.0,29.1,85.6,29.0,179.0,6.2,indian jujube
Rajshahi,July,4,72.0,29.3,85.4,34.0,140.0,6.7,indian jujube
Barisal,March,1,5.7,24.5,70.8,53.7,214.0,5.1,jute
Bogra,March,1,5.0,22.9,63.4,60.0,235.0,5.7,jute
Cumilla,March,1,4.5,23.9,70.3,52.5,215.0,4.6,jute
Dhaka,March,1,3.5,23.7,63.0,56.0,234.0,5.0,jute
Dinajpur,March,1,4.0,24.1,61.3,59.0,212.0,5.4,jute
Faridpur,March,1,5.0,24.0,66.4,54.5,222.0,4.5,jute
Jashore,April,1,11.5,29.2,66.9,55.5,209.0,5.1,jute
Khulna,April,1,12.5,29.5,71.5,59.0,202.0,7.1,jute
Mymensingh,March,1,1.0,22.9,67.6,51.0,214.0,5.0,jute
Rajshahi,March,2,3.0,25.4,59.6,59.0,214.0,5.4,jute
Rangpur,March,1,2.5,21.9,67.1,56.6,201.0,7.7,jute
Bogra,January,1,0.0,18.1,72.5,44.0,258.0,4.3,licchi
Dinajpur,January,1,2.0,16.7,75.9,34.0,225.0,3.7,licchi
Jashore,January,1,0.5,17.7,72.5,41.0,158.0,3.0,licchi
Mymensingh,January,1,0.0,18.2,74.4,41.0,230.0,3.7,licchi
Rajshahi,January,1,1.0,17.5,72.9,42.0,146.0,3.9,licchi
Rangamati,January,1,0.0,19.8,73.3,52.0,165.0,3.7,licchi
Rangpur,January,1,1.0,16.8,77.3,36.0,199.0,5.7,licchi
Bogra,April,1,8.0,28.1,56.2,56.0,173.0,6.7,corn khorip-1
Cumilla,April,3,33.0,28.4,77.4,52.5,185.0,7.7,corn khorip-1
Dhaka,April,3,31.5,28.9,71.7,55.0,167.0,6.6,corn khorip-1
Dinajpur,March,3,4.0,24.1,61.4,59.0,212.0,5.4,corn khorip-1
Mymensingh,April,3,40.0,27.5,76.1,49.0,143.0,7.2,corn khorip-1
Rajshahi,March,2,5.0,22.8,63.1,59.0,209.0,5.0,corn khorip-1
Rangamati,March,1,5.0,24.3,65.2,59.0,193.0,4.4,corn khorip-1
Rangpur,April,3,28.5,27.1,73.3,47.5,135.0,8.3,corn khorip-1
Barisal,December,1,1.7,21.7,74.3,48.7,225.0,3.1,Corn(Robi)
Bogra,October,2,25.0,27.7,78.9,54.0,199.0,5.0,Corn(Robi)
Chittagonj,December,1,1.0,22.8,71.9,54.8,204.0,5.1,Corn(Robi)
Cumilla,November,1,18.0,25.7,76.9,49.5,183.0,3.7,Corn(Robi)
Dhaka,October,3,26.0,26.9,75.2,54.0,190.0,3.8,Corn(Robi)
Dinajpur,November,2,0.0,23.0,73.8,52.0,154.0,3.7,Corn(Robi)
Faridpur,December,1,0.5,21.3,73.0,47.0,201.0,2.8,Corn(Robi)
Jashore,September,1,52.5,29.5,83.9,31.5,180.0,4.1,Corn(Robi)
Khulna,December,1,1.0,21.5,71.0,52.0,194.0,4.0,Corn(Robi)
Mymensingh,December,1,1.0,21.3,73.8,49.0,191.0,3.0,Corn(Robi)
Rajshahi,November,2,1.3,23.6,72.6,54.0,151.0,3.7,Corn(Robi)
Rangamati,October,2,39.0,27.8,80.7,49.0,204.0,3.7,Corn(Robi)
Rangpur,October,2,35.5,26.8,79.9,51.5,134.0,6.3,Corn(Robi)
Sylhet,December,1,0.5,21.1,73.0,55.5,177.0,4.2,Corn(Robi)
Barisal,December,1,1.7,21.7,74.3,48.7,225.0,3.1,masterd seed
Bogra,November,3,0.0,23.5,71.1,56.0,205.0,3.7,masterd seed
Chittagonj,December,1,10.0,22.8,71.9,54.8,204.0,5.1,masterd seed
Cumilla,November,1,18.0,25.7,76.9,49.5,183.0,3.7,masterd seed
Dhaka,November,3,1.5,23.2,71.0,52.0,212.0,3.7,masterd seed
Dinajpur,November,3,0.0,22.2,71.7,54.0,164.0,3.7,masterd seed
Faridpur,October,1,43.0,28.9,82.7,39.5,206.0,3.7,masterd seed
Jashore,November,1,8.0,25.3,74.0,48.5,175.0,2.3,masterd seed
Khulna,October,1,41.0,29.1,83.0,41.5,189.0,4.3,masterd seed
Mymensingh,November,3,0.0,23.0,74.0,53.0,186.0,3.7,masterd seed
Rajshahi,November,3,0.0,22.8,71.4,55.0,146.0,3.7,masterd seed
Rangpur,November,3,0.0,22.3,72.9,54.0,134.0,6.4,masterd seed
Sylhet,December,1,0.5,21.1,73.0,55.5,177.0,4.2,masterd seed
Bogra,August,1,63.0,29.3,83.6,35.0,137.0,6.3,robi onion
Chittagonj,December,1,1.0,22.8,71.9,54.8,204.0,5.1,robi onion
Cumilla,July,1,96.0,28.6,86.1,23.5,179.0,7.3,robi onion
Dhaka,November,1,10.0,25.5,73.2,51.5,189.0,3.7,robi onion
Dinajpur,April,1,8.0,26.7,63.8,52.0,171.0,5.6,khorip onion
Faridpur,November,1,11.5,26.4,76.4,48.5,202.0,2.8,robi onion
Jashore,February,1,6.5,19.3,59.5,47.5,186.0,3.2,robi onion
Mymensingh,November,1,5.0,25.0,76.7,53.0,181.0,3.9,robi onion
Rajshahi,December,1,0.0,20.4,74.2,49.5,129.0,6.0,robi onion
Rangpur,December,1,1.0,22.8,71.9,54.8,204.0,5.1,robi onion
Barisal,February,4,14.0,27.6,73.6,52.3,210.0,6.3,papaya
Bogra,February,4,3.0,26.5,62.7,58.0,205.0,6.7,papaya
Dhaka,February,4,14.0,27.3,64.3,55.5,206.0,6.2,papaya
Dinajpur,February,4,2.0,25.3,61.2,55.0,192.0,5.6,papaya
Jashore,February,4,12.0,27.7,64.4,53.0,212.0,4.4,papaya
Mymensingh,February,4,11.0,25.9,69.0,48.0,179.0,6.3,papaya
Rajshahi,February,4,4.0,27.0,59.4,59.0,208.0,5.6,papaya
Barisal,October,3,41.0,28.1,82.9,44.7,228.0,3.6,robi pumpkin Cucurbita
Bogra,October,3,25.0,27.7,78.9,54.0,199.0,5.0,robi pumpkin Cucurbita
Chittagonj,September,1,118.3,28.3,85.0,36.8,179.0,9.1,robi pumpkin Cucurbita
Cumilla,October,3,30.5,28.0,80.6,44.5,201.0,4.3,robi pumpkin Cucurbita
Dhaka,October,3,40.5,27.9,77.6,47.5,192.0,4.1,robi pumpkin Cucurbita
Jashore,November,1,9.0,25.9,76.0,45.5,153.0,2.5,robi pumpkin Cucurbita
Khulna,October,3,31.5,28.3,79.8,49.5,193.0,4.1,robi pumpkin Cucurbita
Mymensingh,October,1,71.0,28.5,84.1,40.0,181.0,4.3,robi pumpkin Cucurbita
Rajshahi,November,1,7.0,27.4,78.5,53.0,146.0,3.9,robi pumpkin Cucurbita
Sylhet,October,1,63.0,27.9,83.8,71.2,190.0,83.3,robi pumpkin Cucurbita
Barisal,March,1,5.3,25.6,71.2,54.0,226.0,5.2,khorip pumpkin Cucurbita
Bogra,April,1,8.0,28.1,66.2,56.0,173.0,6.7,khorip pumpkin Cucurbita
Chittagonj,April,1,21.3,27.8,76.7,56.0,209.0,10.0,khorip pumpkin Cucurbita
Cumilla,February,1,3.0,20.2,71.1,47.0,203.0,4.6,khorip pumpkin Cucurbita
Dhaka,March,1,30.0,23.7,63.0,56.0,234.0,5.0,khorip pumpkin Cucurbita
Jashore,April,1,11.5,29.2,66.9,55.5,209.0,5.1,khorip pumpkin Cucurbita
Khulna,February,1,5.5,20.3,70.0,52.5,190.0,4.9,khorip pumpkin Cucurbita
Mymensingh,April,1,20.0,27.0,72.5,49.0,149.0,7.2,khorip pumpkin Cucurbita
Rajshahi,April,1,13.0,29.1,61.6,57.0,185.0,6.1,khorip pumpkin Cucurbita
Sylhet,April,1,20.0,27.0,72.5,49.0,149.0,7.2,khorip pumpkin Cucurbita
Barisal,April,1,18.0,28.5,77.3,53.0,200.0,6.9,Aush
Bogra,May,1,45.0,28.9,76.449,49.0,126.0,6.7,Aush
Chittagonj,April,1,21.3,27.8,76.7,56.0,209.0,10.0,Aush
Cumilla,May,1,66.0,28.9,79.6,46.5,183.0,7.5,Aush
Dhaka,May,1,46.0,28.6,74.5,51.5,159.0,6.8,Aush
Sylhet,May,1,107.5,27.1,79.4,43.5,163.0,6.8,Aush
Rangpur,April,1,11.0,26.2,69.1,51.5,148.0,8.3,Aush
Rangamati,April,1,21.0,27.7,69.8,55.0,205.0,6.1,Aush
Rajshahi,June,1,48.0,30.5,78.6,48.0,139.0,6.7,Aush
Mymensingh,May,1,62.0,27.8,79.3,44.0,134.0,6.8,Aush
Khulna,May,1,17.5,30.1,72.8,61.5,192.0,7.6,Aush
Jashore,June,1,49.5,30.7,78.1,41.5,183.0,4.6,Aush
Faridpur,April,1,18.0,28.5,77.3,53.0,200.0,6.9,Aush
Dinajpur,April,1,8.0,26.7,63.8,52.0,171.0,5.6,Aush
Dhaka,May,1,21.0,29.0,69.2,54.0,175.0,6.6,Aush
